{"loss": 12.632768630981445, "accuracy": 0.27571427822113037}