{"loss": 4.326103687286377, "accuracy": 0.4828571379184723}